{"s": [1000, 1000, 1000, 100, 0, 1, 0, 1], "a": [415.629146642697, 20.0, 0.0, 0.051, 0.949], "r": 1.0, "s_": [1000.0, 1000.0, 1000.0, 100.0, 0.0, 1.0, 0.0, 0.0]}
{"s": [1000, 1000, 1000, 100, 0, 1, 0, 1], "a": [250.0, 20.0, 0.334, 0.0, 0.6659999999999999], "r": -1.0, "s_": [750.0, 1000.0, 1000.0, 80.0, 1.0, 1.0, 1.0, 0.0]}
{"s": [750, 1000, 1000, 80, 1, 1, 1, 2], "a": [500.0, 20.0, 0.0, 0.259, 0.741], "r": -2.0, "s_": [750.0, 1000.0, 750.0, 80.0, 1.0, 1.0, 2.0, 0.0]}
{"s": [750, 1000, 500, 60, 1, 1, 1, 2], "a": [250.0, 20.0, 0.331, 0.007, 0.662], "r": -2.0, "s_": [750.0, 1000.0, 750.0, 80.0, 1.0, 1.0, 2.0, 0.0]}
{"s": [1000, 1000, 1000, 100, 0, 1, 0, 2], "a": [250, 50, 0, 0, 1], "r": 0.0, "s_": [1000.0, 1000.0, 750.0, 100.0, 0.0, 1.0, 1.0, 0.0]}
{"s": [1000, 1000, 750, 50, 0, 1, 0, 2], "a": [375, 25, 0, 0, 1], "r": 0.0, "s_": [1000.0, 1000.0, 750.0, 100.0, 0.0, 1.0, 1.0, 0.0]}
{"s": [1000, 1000, 1000, 100, 0, 1, 0, 2], "a": [250.0, 50.0, 0.299, 0.0, 0.7010000000000001], "r": -1.0, "s_": [750.0, 1000.0, 1000.0, 50.0, 1.0, 1.0, 1.0, 0.0]}
{"s": [750, 1000, 1000, 50, 1, 1, 0, 2], "a": [500, 25, 0, 0, 1], "r": -1.0, "s_": [750.0, 1000.0, 1000.0, 50.0, 1.0, 1.0, 1.0, 0.0]}
{"s": [750, 1000, 1000, 50, 1, 1, 1, 1], "a": [250.0, 22.268197620279963, 0.327, 0.148, 0.525], "r": -3.0, "s_": [500.0, 1000.0, 1000.0, 27.731802379720037, 2.0, 1.0, 2.0, 0.0]}
{"s": [500.0, 1000.0, 1000.0, 27.731802, 2.0, 1.0, 2.0, 2.0], "a": [250.0, 20.0, 0.411, 0.382, 0.20699999999999996], "r": -5.0, "s_": [500.0, 1000.0, 750.0, 37.73180237972004, 2.0, 1.0, 4.0, 0.0]}
{"s": [250.0, 1000.0, 1000.0, 57.731804, 3.0, 1.0, 2.0, 1.0], "a": [250.0, 20.0, 0.335, 0.0, 0.665], "r": -3.0, "s_": [750.0, 1000.0, 687.2578550423527, 60.0, 1.0, 1.0, 3.0, 0.0]}
{"s": [500, 1000, 750, 60, 2, 1, 3, 1], "a": [312.7421449576473, 20.0, 0.0, 0.0, 1.0], "r": 1.0, "s_": [1000.0, 1000.0, 1000.0, 100.0, 0.0, 1.0, 0.0, 0.0]}
{"s": [1000, 1000, 1000, 100, 0, 1, 0, 1], "a": [382.6282402832294, 20.0, 0.0, 0.139, 0.861], "r": 1.0, "s_": [1000.0, 1000.0, 1000.0, 100.0, 0.0, 1.0, 0.0, 0.0]}
{"s": [1000, 1000, 1000, 100, 0, 1, 0, 3], "a": [500.0, 30.937990106439052, 0.0, 0.0, 1.0], "r": -1.0, "s_": [1000.0, 1000.0, 500.0, 69.06200989356094, 0.0, 1.0, 2.0, 0.0]}
{"s": [1000.0, 1000.0, 500.0, 69.06201, 0.0, 1.0, 1.0, 3.0], "a": [250.0, 33.167371038854064, 0.0, 0.0, 1.0], "r": -1.0, "s_": [1000.0, 1000.0, 500.0, 69.06200989356094, 0.0, 1.0, 2.0, 0.0]}
{"s": [1000.0, 1000.0, 250.0, 35.894638, 0.0, 1.0, 2.0, 3.0], "a": [500.0, 20.0, 0.101, 0.793, 0.10599999999999998], "r": -1.0, "s_": [1000.0, 1000.0, 500.0, 69.06200989356094, 0.0, 1.0, 2.0, 0.0]}
{"s": [1000, 1000, 1000, 100, 0, 1, 0, 1], "a": [500.0, 50.0, 0.033, 0.0, 0.967], "r": 1.0, "s_": [1000.0, 1000.0, 1000.0, 100.0, 0.0, 1.0, 0.0, 0.0]}
{"s": [1000, 1000, 1000, 100, 0, 1, 0, 2], "a": [500.0, 50.0, 0.0, 0.403, 0.597], "r": 1.0, "s_": [1000.0, 1000.0, 1000.0, 100.0, 0.0, 1.0, 0.0, 0.0]}
{"s": [1000, 1000, 500, 50, 0, 1, 1, 2], "a": [250.0, 20.0, 0.322, 0.129, 0.5489999999999999], "r": 1.0, "s_": [1000.0, 1000.0, 1000.0, 100.0, 0.0, 1.0, 0.0, 0.0]}
{"s": [1000, 1000, 1000, 100, 0, 1, 0, 1], "a": [250.0, 22.68250810983848, 0.0, 0.0, 1.0], "r": 1.0, "s_": [1000.0, 1000.0, 1000.0, 100.0, 0.0, 1.0, 0.0, 0.0]}
{"s": [1000, 1000, 1000, 100, 0, 1, 0, 1], "a": [500.0, 50.0, 0.341, 0.196, 0.463], "r": 1.0, "s_": [1000.0, 1000.0, 1000.0, 100.0, 0.0, 1.0, 0.0, 0.0]}
{"s": [1000, 1000, 1000, 100, 0, 1, 0, 3], "a": [250.0, 33.52632568136594, 0.229, 0.0, 0.771], "r": 1.0, "s_": [1000.0, 1000.0, 1000.0, 100.0, 0.0, 1.0, 0.0, 0.0]}
{"s": [1000.0, 1000.0, 750.0, 66.47367, 0.0, 1.0, 1.0, 3.0], "a": [250.0, 20.0, 0.36, 0.0, 0.64], "r": 1.0, "s_": [1000.0, 1000.0, 1000.0, 100.0, 0.0, 1.0, 0.0, 0.0]}
{"s": [1000.0, 1000.0, 500.0, 46.473675, 0.0, 1.0, 2.0, 3.0], "a": [250, 20, 0, 0, 1], "r": 1.0, "s_": [1000.0, 1000.0, 1000.0, 100.0, 0.0, 1.0, 0.0, 0.0]}
{"s": [1000, 1000, 1000, 100, 0, 1, 0, 2], "a": [250, 50, 0, 0, 1], "r": -1.0, "s_": [1000.0, 500.0, 1000.0, 76.97629611986157, 0.0, 2.0, 1.0, 0.0]}
{"s": [1000, 1000, 750, 50, 0, 1, 0, 2], "a": [500.0, 23.023703880138427, 0.273, 0.266, 0.46099999999999997], "r": -1.0, "s_": [1000.0, 500.0, 1000.0, 76.97629611986157, 0.0, 2.0, 1.0, 0.0]}
{"s": [1000, 1000, 1000, 100, 0, 1, 0, 4], "a": [250.0, 39.03959459866921, 0.183, 0.473, 0.344], "r": -3.0, "s_": [750.0, 1000.0, 500.0, 60.96040540133079, 1.0, 1.0, 3.0, 0.0]}
{"s": [750.0, 1000.0, 1000.0, 60.960407, 0.0, 1.0, 0.0, 4.0], "a": [250.0, 20.0, 0.329, 0.0, 0.671], "r": -3.0, "s_": [750.0, 1000.0, 500.0, 60.96040540133079, 1.0, 1.0, 3.0, 0.0]}
{"s": [750.0, 1000.0, 750.0, 40.960407, 1.0, 1.0, 1.0, 4.0], "a": [375.0, 20.480202700665394, 0.371, 0.117, 0.512], "r": -3.0, "s_": [750.0, 1000.0, 500.0, 60.96040540133079, 1.0, 1.0, 3.0, 0.0]}
{"s": [750.0, 1000.0, 375.0, 20.480204, 1.0, 1.0, 2.0, 4.0], "a": [250.0, 20.0, 0.112, 0.0, 0.888], "r": -3.0, "s_": [750.0, 1000.0, 500.0, 60.96040540133079, 1.0, 1.0, 3.0, 0.0]}
{"s": [750.0, 1000.0, 1000.0, 60.960407, 1.0, 1.0, 1.0, 3.0], "a": [250.0, 30.480202700665394, 0.0, 0.0, 1.0], "r": -5.0, "s_": [750.0, 750.0, 750.0, 10.480202700665394, 1.0, 2.0, 4.0, 0.0]}
{"s": [750.0, 1000.0, 750.0, 30.480204, 1.0, 1.0, 2.0, 3.0], "a": [250.0, 20.0, 0.033, 0.191, 0.776], "r": -5.0, "s_": [750.0, 750.0, 750.0, 10.480202700665394, 1.0, 2.0, 4.0, 0.0]}
{"s": [750.0, 1000.0, 500.0, 30.480204, 1.0, 1.0, 4.0, 1.0], "a": [250.0, 20.0, 0.013, 0.133, 0.854], "r": -1.0, "s_": [1000.0, 750.0, 1000.0, 80.0, 0.0, 2.0, 1.0, 0.0]}
{"s": [1000, 750, 1000, 80, 0, 2, 1, 1], "a": [250.0, 20.0, 0.006, 0.215, 0.779], "r": -1.0, "s_": [1000.0, 750.0, 1000.0, 80.0, 0.0, 2.0, 1.0, 0.0]}
{"s": [1000, 750, 1000, 80, 0, 2, 1, 1], "a": [500.0, 40.0, 0.0, 0.365, 0.635], "r": -3.0, "s_": [1000.0, 750.0, 500.0, 40.0, 0.0, 2.0, 3.0, 0.0]}
{"s": [1000, 750, 1000, 80, 0, 2, 1, 1], "a": [500.0, 20.0, 0.268, 0.0, 0.732], "r": -3.0, "s_": [1000.0, 750.0, 500.0, 60.0, 0.0, 2.0, 3.0, 0.0]}
{"s": [1000, 750, 500, 60, 0, 2, 3, 1], "a": [250.0, 20.0, 0.101, 0.242, 0.657], "r": -4.0, "s_": [1000.0, 750.0, 250.0, 60.0, 0.0, 2.0, 4.0, 0.0]}
{"s": [1000, 750, 500, 60, 0, 2, 3, 1], "a": [250.0, 30.0, 0.134, 0.0, 0.866], "r": -5.0, "s_": [1000.0, 750.0, 250.0, 30.0, 0.0, 2.0, 5.0, 0.0]}
{"s": [1000, 750, 250, 30, 0, 2, 5, 4], "a": [250.0, 20.0, 0.452, 0.498, 0.050000000000000044], "r": -11.0, "s_": [750.0, 500.0, 500.0, 20.0, 1.0, 3.0, 5.0, 2.0]}
{"s": [750, 750, 250, 40, 1, 2, 5, 3], "a": [250.0, 20.0, 0.241, 0.06, 0.6990000000000001], "r": -13.0, "s_": [750.0, 500.0, 500.0, 20.0, 1.0, 3.0, 5.0, 3.0]}
{"s": [750, 500, 500, 40, 1, 3, 4, 3], "a": [250, 20, 0, 0, 1], "r": -11.0, "s_": [500.0, 750.0, 250.0, 20.0, 2.0, 2.0, 5.0, 2.0]}
{"s": [750, 750, 250, 40, 1, 2, 5, 2], "a": [250.0, 20.0, 0.351, 0.462, 0.187], "r": -9.0, "s_": [750.0, 750.0, 250.0, 20.0, 1.0, 2.0, 6.0, 1.0]}
{"s": [500, 750, 500, 40, 2, 2, 4, 1], "a": [250.0, 20.0, 0.306, 0.065, 0.629], "r": -9.0, "s_": [750.0, 500.0, 250.0, 20.0, 1.0, 3.0, 5.0, 1.0]}
{"s": [750, 750, 250, 40, 1, 2, 5, 1], "a": [250.0, 20.0, 0.0, 0.308, 0.692], "r": -9.0, "s_": [750.0, 500.0, 500.0, 20.0, 1.0, 3.0, 5.0, 1.0]}
{"s": [750, 500, 500, 40, 1, 3, 4, 1], "a": [250.0, 20.0, 0.081, 0.101, 0.8180000000000001], "r": -6.0, "s_": [1000.0, 750.0, 250.0, 60.0, 0.0, 2.0, 4.0, 1.0]}
{"s": [1000, 750, 500, 60, 0, 2, 3, 1], "a": [250, 30, 0, 0, 1], "r": -7.0, "s_": [709.7885437501785, 500.0, 500.0, 20.0, 1.0, 3.0, 5.0, 0.0]}
{"s": [1000, 750, 250, 30, 0, 2, 5, 2], "a": [250.0, 20.0, 0.0, 0.222, 0.778], "r": -7.0, "s_": [709.7885437501785, 500.0, 500.0, 20.0, 1.0, 3.0, 5.0, 0.0]}
{"s": [1000, 500, 250, 40, 0, 3, 5, 1], "a": [290.2114562498215, 20.0, 0.308, 0.0, 0.692], "r": -7.0, "s_": [709.7885437501785, 500.0, 500.0, 20.0, 1.0, 3.0, 5.0, 0.0]}
{"s": [1000, 750, 500, 60, 0, 2, 3, 3], "a": [250.0, 30.0, 0.0, 0.019, 0.981], "r": -9.0, "s_": [500.0, 750.0, 250.0, 20.0, 1.0, 2.0, 6.0, 1.0]}
{"s": [1000, 750, 250, 30, 0, 2, 3, 3],