{"s": [1000, 1000, 1000, 100, 0, 1, 0, 1], "a": [500.0, 50.0, 0.332, 0.473, 0.19499999999999995], "r": 1.0, "s_": [1000.0, 1000.0, 1000.0, 100.0, 0.0, 1.0, 0.0, 0.0]}
{"s": [1000, 1000, 1000, 100, 0, 1, 0, 1], "a": [500, 50, 0, 0, 1], "r": 1.0, "s_": [1000.0, 1000.0, 1000.0, 100.0, 0.0, 1.0, 0.0, 0.0]}
{"s": [1000, 1000, 1000, 100, 0, 1, 0, 2], "a": [500.0, 23.351061637736876, 0.179, 0.389, 0.43199999999999994], "r": 0.0, "s_": [1000.0, 1000.0, 750.0, 100.0, 0.0, 1.0, 1.0, 0.0]}
{"s": [1000.0, 1000.0, 500.0, 76.64894, 0.0, 1.0, 1.0, 2.0], "a": [250.0, 38.32446918113156, 0.123, 0.0, 0.877], "r": 0.0, "s_": [1000.0, 1000.0, 750.0, 100.0, 0.0, 1.0, 1.0, 0.0]}
{"s": [1000, 1000, 1000, 100, 0, 1, 0, 2], "a": [500.0, 50.0, 0.253, 0.0, 0.747], "r": 1.0, "s_": [1000.0, 1000.0, 1000.0, 100.0, 0.0, 1.0, 0.0, 0.0]}
{"s": [1000, 1000, 500, 50, 0, 1, 0, 2], "a": [500.0, 25.0, 0.45, 0.437, 0.11300000000000004], "r": 1.0, "s_": [1000.0, 1000.0, 1000.0, 100.0, 0.0, 1.0, 0.0, 0.0]}
{"s": [1000, 1000, 1000, 100, 0, 1, 0, 2], "a": [500, 50, 0, 0, 1], "r": -1.0, "s_": [1000.0, 1000.0, 750.0, 75.0, 0.0, 1.0, 2.0, 0.0]}
{"s": [1000, 1000, 500, 50, 0, 1, 0, 2], "a": [250.0, 25.0, 0.396, 0.0, 0.604], "r": -1.0, "s_": [1000.0, 1000.0, 750.0, 75.0, 0.0, 1.0, 2.0, 0.0]}
{"s": [1000, 1000, 750, 75, 0, 1, 2, 1], "a": [250.0, 37.5, 0.021, 0.0, 0.979], "r": 1.0, "s_": [1000.0, 1000.0, 1000.0, 100.0, 0.0, 1.0, 0.0, 0.0]}
{"s": [1000, 1000, 1000, 100, 0, 1, 0, 2], "a": [500.0, 25.758361199959204, 0.0, 0.0, 1.0], "r": 1.0, "s_": [1000.0, 1000.0, 750.0, 100.0, 0.0, 1.0, 0.0, 0.0]}
{"s": [1000.0, 1000.0, 500.0, 74.24164, 0.0, 1.0, 0.0, 2.0], "a": [250.0, 30.72681314794844, 0.0, 0.338, 0.6619999999999999], "r": 1.0, "s_": [1000.0, 1000.0, 750.0, 100.0, 0.0, 1.0, 0.0, 0.0]}
{"s": [1000, 1000, 1000, 100, 0, 1, 0, 1], "a": [500, 50, 0, 0, 1], "r": 1.0, "s_": [1000.0, 1000.0, 1000.0, 100.0, 0.0, 1.0, 0.0, 0.0]}
{"s": [1000, 1000, 1000, 100, 0, 1, 0, 1], "a": [500.0, 50.0, 0.071, 0.441, 0.48800000000000004], "r": 1.0, "s_": [1000.0, 1000.0, 1000.0, 100.0, 0.0, 1.0, 0.0, 0.0]}
{"s": [1000, 1000, 1000, 100, 0, 1, 0, 3], "a": [500.0, 50.0, 0.261, 0.0, 0.739], "r": 1.0, "s_": [1000.0, 1000.0, 1000.0, 100.0, 0.0, 1.0, 0.0, 0.0]}
{"s": [1000, 1000, 500, 50, 0, 1, 0, 3], "a": [500.0, 20.0, 0.0, 0.428, 0.5720000000000001], "r": 1.0, "s_": [1000.0, 1000.0, 1000.0, 100.0, 0.0, 1.0, 0.0, 0.0]}
{"s": [1000, 500, 500, 30, 0, 2, 1, 3], "a": [500.0, 20.0, 0.664, 0.0, 0.33599999999999997], "r": 1.0, "s_": [1000.0, 1000.0, 1000.0, 100.0, 0.0, 1.0, 0.0, 0.0]}
{"s": [1000, 1000, 1000, 100, 0, 1, 0, 1], "a": [500.0, 33.4646626402004, 0.081, 0.0, 0.919], "r": 1.0, "s_": [1000.0, 1000.0, 1000.0, 100.0, 0.0, 1.0, 0.0, 0.0]}
{"s": [1000, 1000, 1000, 100, 0, 1, 0, 2], "a": [500.0, 50.0, 0.316, 0.0, 0.6839999999999999], "r": 1.0, "s_": [1000.0, 1000.0, 1000.0, 100.0, 0.0, 1.0, 0.0, 0.0]}
{"s": [1000, 1000, 500, 50, 0, 1, 0, 2], "a": [250.0, 25.0, 0.174, 0.199, 0.627], "r": 1.0, "s_": [1000.0, 1000.0, 1000.0, 100.0, 0.0, 1.0, 0.0, 0.0]}
{"s": [1000, 1000, 1000, 100, 0, 1, 0, 1], "a": [500, 50, 0, 0, 1], "r": 1.0, "s_": [1000.0, 1000.0, 1000.0, 100.0, 0.0, 1.0, 0.0, 0.0]}
{"s": [1000, 1000, 1000, 100, 0, 1, 0, 1], "a": [500.0, 50.0, 0.263, 0.037, 0.7], "r": 1.0, "s_": [1000.0, 1000.0, 1000.0, 100.0, 0.0, 1.0, 0.0, 0.0]}
{"s": [1000, 1000, 1000, 100, 0, 1, 0, 3], "a": [500.0, 50.0, 0.068, 0.466, 0.4659999999999999], "r": 1.0, "s_": [1000.0, 1000.0, 1000.0, 100.0, 0.0, 1.0, 0.0, 0.0]}
{"s": [500, 1000, 1000, 50, 1, 1, 0, 3], "a": [500.0, 25.0, 0.151, 0.0, 0.849], "r": 1.0, "s_": [1000.0, 1000.0, 1000.0, 100.0, 0.0, 1.0, 0.0, 0.0]}
{"s": [500, 1000, 500, 25, 1, 1, 1, 3], "a": [500.0, 20.0, 0.385, 0.487, 0.128], "r": 1.0, "s_": [1000.0, 1000.0, 1000.0, 100.0, 0.0, 1.0, 0.0, 0.0]}
{"s": [1000, 1000, 1000, 100, 0, 1, 0, 2], "a": [500.0, 50.0, 0.069, 0.0, 0.931], "r": 0.0, "s_": [1000.0, 1000.0, 750.0, 100.0, 0.0, 1.0, 1.0, 0.0]}
{"s": [1000, 1000, 500, 50, 0, 1, 1, 2], "a": [250.0, 25.0, 0.0, 0.124, 0.876], "r": 0.0, "s_": [1000.0, 1000.0, 750.0, 100.0, 0.0, 1.0, 1.0, 0.0]}
{"s": [1000, 1000, 1000, 100, 0, 1, 0, 4], "a": [500.0, 50.0, 0.0, 0.021, 0.979], "r": -5.0, "s_": [125.0, 1000.0, 1000.0, 27.5, 3.0, 1.0, 3.0, 0.0]}
{"s": [1000, 500, 1000, 50, 0, 1, 0, 4], "a": [250.0, 25.0, 0.915, 0.084, 0.0009999999999999593], "r": -5.0, "s_": [125.0, 1000.0, 1000.0, 27.5, 3.0, 1.0, 3.0, 0.0]}
{"s": [750, 500, 1000, 25, 1, 2, 0, 4], "a": [375.0, 20.0, 0.705, 0.294, 0.0010000000000000564], "r": -5.0, "s_": [125.0, 1000.0, 1000.0, 27.5, 3.0, 1.0, 3.0, 0.0]}
{"s": [375, 500, 1000, 55, 2, 2, 2, 1], "a": [250.0, 27.5, 1.0, 0.0, 0.0], "r": -10.0, "s_": [125.0, 1000.0, 750.0, 7.5, 3.0, 1.0, 4.0, 2.0]}
{"s": [125.0, 1000.0, 1000.0, 27.5, 3.0, 1.0, 3.0, 3.0], "a": [250.0, 20.0, 0.564, 0.025, 0.41100000000000003], "r": -7.0, "s_": [500.0, 1000.0, 500.0, 7.5, 2.0, 1.0, 6.0, 0.0]}
{"s": [125.0, 1000.0, 750.0, 27.5, 3.0, 1.0, 4.0, 2.0], "a": [250.0, 20.0, 0.128, 0.0, 0.872], "r": -3.0, "s_": [750.0, 1000.0, 750.0, 52.5, 1.0, 1.0, 3.0, 0.0]}
{"s": [500.0, 1000.0, 500.0, 27.5, 2.0, 1.0, 5.0, 1.0], "a": [250, 20, 0, 0, 1], "r": -1.0, "s_": [750.0, 1000.0, 1000.0, 72.5, 1.0, 1.0, 1.0, 0.0]}
{"s": [1000, 1000, 1000, 100, 0, 1, 0, 1], "a": [468.31424547257416, 50.0, 0.0, 0.0, 1.0], "r": 1.0, "s_": [1000.0, 1000.0, 1000.0, 100.0, 0.0, 1.0, 0.0, 0.0]}
{"s": [1000, 1000, 1000, 100, 0, 1, 0, 1], "a": [500, 50, 0, 0, 1], "r": 1.0, "s_": [1000.0, 1000.0, 1000.0, 100.0, 0.0, 1.0, 0.0, 0.0]}
{"s": [1000, 1000, 1000, 100, 0, 1, 0, 1], "a": [500.0, 50.0, 0.041, 0.481, 0.478], "r": 1.0, "s_": [1000.0, 1000.0, 1000.0, 100.0, 0.0, 1.0, 0.0, 0.0]}
{"s": [1000, 1000, 1000, 100, 0, 1, 0, 1], "a": [500.0, 50.0, 0.44, 0.267, 0.29300000000000004], "r": 1.0, "s_": [1000.0, 1000.0, 1000.0, 100.0, 0.0, 1.0, 0.0, 0.0]}
{"s": [1000, 1000, 1000, 100, 0, 1, 0, 1], "a": [500.0, 50.0, 0.0, 0.232, 0.768], "r": 1.0, "s_": [1000.0, 1000.0, 1000.0, 100.0, 0.0, 1.0, 0.0, 0.0]}
{"s": [1000, 1000, 1000, 100, 0, 1, 0, 4], "a": [500.0, 50.0, 0.0, 0.005, 0.995], "r": -3.0, "s_": [750.0, 1000.0, 750.0, 52.5, 1.0, 1.0, 3.0, 0.0]}
{"s": [1000, 1000, 500, 50, 0, 1, 1, 4], "a": [500.0, 25.0, 0.309, 0.0, 0.6910000000000001], "r": -3.0, "s_": [750.0, 1000.0, 750.0, 52.5, 1.0, 1.0, 3.0, 0.0]}
{"s": [500, 1000, 500, 25, 1, 1, 1, 4], "a": [250, 20, 0, 0, 1], "r": -3.0, "s_": [750.0, 1000.0, 750.0, 52.5, 1.0, 1.0, 3.0, 0.0]}
{"s": [500, 1000, 250, 55, 1, 1, 4, 1], "a": [250.0, 27.5, 0.376, 0.32, 0.304], "r": -3.0, "s_": [750.0, 1000.0, 750.0, 46.25, 1.0, 1.0, 3.0, 0.0]}
{"s": [750.0, 1000.0, 750.0, 52.5, 1.0, 1.0, 3.0, 1.0], "a": [250.0, 26.25, 0.206, 0.2, 0.5940000000000001], "r": -2.0, "s_": [750.0, 1000.0, 750.0, 72.5, 1.0, 1.0, 2.0, 0.0]}
{"s": [750.0, 1000.0, 1000.0, 72.5, 1.0, 1.0, 1.0, 1.0], "a": [500.0, 36.25, 0.184, 0.397, 0.41900000000000004], "r": 1.0, "s_": [1000.0, 1000.0, 1000.0, 100.0, 0.0, 1.0, 0.0, 0.0]}
{"s": [1000, 1000, 1000, 100, 0, 1, 0, 1], "a": [500.0, 50.0, 0.323, 0.0, 0.677], "r": 1.0, "s_": [1000.0, 1000.0, 1000.0, 100.0, 0.0, 1.0, 0.0, 0.0]}
{"s": [1000, 1000, 1000, 100, 0, 1, 0, 1], "a": [500.0, 48.63916039536102, 0.141, 0.0, 0.859], "r": 1.0, "s_": [1000.0, 1000.0, 1000.0, 100.0, 0.0, 1.0, 0.0, 0.0]}
{"s": [1000, 1000, 1000, 100, 0, 1, 0, 2], "a": [500.0, 50.0, 0.0, 0.26, 0.74], "r": 1.0, "s_": [1000.0, 1000.0, 1000.0, 100.0, 0.0, 1.0, 0.0, 0.0]}
{"s": [1000, 1000, 500, 50, 0, 1, 1, 2], "a": [500.0, 25.0, 0.441, 0.057, 0.5019999999999999], "r": 1.0, "s_": [1000.0, 1000.0, 1000.0, 100.0, 0.0, 1.0, 0.0, 0.0]}
{"s": [1000, 1000, 1000, 100, 0, 1, 0, 3], "a": [500.0, 50.0, 0.0, 0.303, 0.6970000000000001], "r": 0.0, "s_": [1000.0, 1000.0, 750.0, 100.0, 0.0, 1.0, 1.0, 0.0]}
{"s": [1000, 1000, 500, 50, 0, 1, 0, 3], "a": [250, 25, 0, 0, 1], "r": 0.0, "s_": [1000.0, 1000.0, 750.0, 100.0, 0.0, 1.0, 1.0, 0.0]}
{"s": [1000, 1000, 250, 25, 0, 1, 2, 3], "a": [500.0, 20.0, 0.615, 0.384, 0.0010000000000000009], "r": 0.0,