{"s": [1000, 1000, 1000, 100, 0, 1, 0, 1], "a": [500.0, 50.0, 0.061, 0.738, 0.20100000000000007], "r": 1.0, "s_": [1000.0, 1000.0, 1000.0, 100.0, 0.0, 1.0, 0.0, 0.0]}
{"s": [1000, 1000, 1000, 100, 0, 1, 0, 1], "a": [500.0, 50.0, 0.599, 0.062, 0.339], "r": 1.0, "s_": [1000.0, 1000.0, 1000.0, 100.0, 0.0, 1.0, 0.0, 0.0]}
{"s": [1000, 1000, 1000, 100, 0, 1, 0, 2], "a": [500.0, 50.0, 0.551, 0.448, 0.0009999999999999454], "r": -1.0, "s_": [1000.0, 750.0, 1000.0, 75.0, 0.0, 2.0, 1.0, 0.0]}
{"s": [1000, 500, 1000, 50, 0, 1, 0, 2], "a": [250.0, 25.0, 0.514, 0.461, 0.024999999999999967], "r": -1.0, "s_": [1000.0, 750.0, 1000.0, 75.0, 0.0, 2.0, 1.0, 0.0]}
{"s": [1000, 1000, 1000, 100, 0, 1, 0, 2], "a": [500.0, 50.0, 0.473, 0.526, 0.0010000000000000009], "r": -1.0, "s_": [750.0, 1000.0, 1000.0, 79.88360489657481, 1.0, 1.0, 1.0, 0.0]}
{"s": [500, 1000, 1000, 50, 0, 1, 0, 2], "a": [250.0, 20.116395103425198, 0.53, 0.444, 0.025999999999999968], "r": -1.0, "s_": [750.0, 1000.0, 1000.0, 79.88360489657481, 1.0, 1.0, 1.0, 0.0]}
{"s": [1000, 1000, 1000, 100, 0, 1, 0, 2], "a": [500.0, 50.0, 0.676, 0.0, 0.32399999999999995], "r": 1.0, "s_": [1000.0, 1000.0, 1000.0, 100.0, 0.0, 1.0, 0.0, 0.0]}
{"s": [500, 1000, 1000, 50, 1, 1, 0, 2], "a": [500.0, 21.574860448796883, 0.12, 0.0, 0.88], "r": 1.0, "s_": [1000.0, 1000.0, 1000.0, 100.0, 0.0, 1.0, 0.0, 0.0]}
{"s": [1000, 1000, 1000, 100, 0, 1, 0, 1], "a": [500.0, 50.0, 0.355, 0.417, 0.22800000000000004], "r": 1.0, "s_": [1000.0, 1000.0, 1000.0, 100.0, 0.0, 1.0, 0.0, 0.0]}
{"s": [1000, 1000, 1000, 100, 0, 1, 0, 2], "a": [266.3466479088319, 50.0, 0.065, 0.007, 0.928], "r": 1.0, "s_": [1000.0, 1000.0, 1000.0, 100.0, 0.0, 1.0, 0.0, 0.0]}
{"s": [1000.0, 1000.0, 733.6534, 50.0, 0.0, 1.0, 0.0, 2.0], "a": [500.0, 25.0, 0.915, 0.084, 0.0009999999999999593], "r": 1.0, "s_": [1000.0, 1000.0, 1000.0, 100.0, 0.0, 1.0, 0.0, 0.0]}
{"s": [1000, 1000, 1000, 100, 0, 1, 0, 1], "a": [500.0, 20.226606009449803, 0.605, 0.0, 0.395], "r": 1.0, "s_": [1000.0, 1000.0, 1000.0, 100.0, 0.0, 1.0, 0.0, 0.0]}
{"s": [1000, 1000, 1000, 100, 0, 1, 0, 1], "a": [500.0, 50.0, 0.0, 0.231, 0.769], "r": 1.0, "s_": [1000.0, 1000.0, 1000.0, 100.0, 0.0, 1.0, 0.0, 0.0]}
{"s": [1000, 1000, 1000, 100, 0, 1, 0, 3], "a": [500.0, 50.0, 0.672, 0.0, 0.32799999999999996], "r": 1.0, "s_": [1000.0, 1000.0, 1000.0, 100.0, 0.0, 1.0, 0.0, 0.0]}
{"s": [1000, 1000, 500, 50, 0, 1, 1, 3], "a": [250.0, 25.0, 0.443, 0.0, 0.5569999999999999], "r": 1.0, "s_": [1000.0, 1000.0, 1000.0, 100.0, 0.0, 1.0, 0.0, 0.0]}
{"s": [1000, 1000, 250, 25, 0, 1, 2, 3], "a": [500.0, 20.0, 0.834, 0.109, 0.05700000000000004], "r": 1.0, "s_": [1000.0, 1000.0, 1000.0, 100.0, 0.0, 1.0, 0.0, 0.0]}
{"s": [1000, 1000, 1000, 100, 0, 1, 0, 1], "a": [500.0, 50.0, 0.437, 0.436, 0.12699999999999995], "r": 1.0, "s_": [1000.0, 1000.0, 1000.0, 100.0, 0.0, 1.0, 0.0, 0.0]}
{"s": [1000, 1000, 1000, 100, 0, 1, 0, 2], "a": [500.0, 50.0, 0.059, 0.522, 0.41900000000000004], "r": -1.0, "s_": [605.1161097093383, 1000.0, 1000.0, 77.97607701098393, 1.0, 1.0, 1.0, 0.0]}
{"s": [1000, 1000, 500, 50, 0, 1, 0, 2], "a": [394.8838902906617, 22.023922989016068, 0.515, 0.045, 0.44], "r": -1.0, "s_": [605.1161097093383, 1000.0, 1000.0, 77.97607701098393, 1.0, 1.0, 1.0, 0.0]}
{"s": [1000, 1000, 1000, 100, 0, 1, 0, 1], "a": [500.0, 50.0, 0.118, 0.335, 0.5469999999999999], "r": 1.0, "s_": [1000.0, 1000.0, 1000.0, 100.0, 0.0, 1.0, 0.0, 0.0]}
{"s": [1000, 1000, 1000, 100, 0, 1, 0, 1], "a": [500.0, 50.0, 0.455, 0.544, 0.0009999999999998899], "r": 1.0, "s_": [1000.0, 1000.0, 1000.0, 100.0, 0.0, 1.0, 0.0, 0.0]}
{"s": [1000, 1000, 1000, 100, 0, 1, 0, 3], "a": [500.0, 50.0, 0.029, 0.194, 0.7769999999999999], "r": -3.0, "s_": [370.01666659497175, 1000.0, 1000.0, 56.56252043591733, 2.0, 1.0, 2.0, 0.0]}
{"s": [1000, 1000, 500, 50, 0, 1, 1, 3], "a": [259.96666681005644, 23.437479564082672, 0.936, 0.0, 0.06399999999999995], "r": -3.0, "s_": [370.01666659497175, 1000.0, 1000.0, 56.56252043591733, 2.0, 1.0, 2.0, 0.0]}
{"s": [740.0333, 1000.0, 500.0, 26.562521, 1.0, 1.0, 1.0, 3.0], "a": [370.01666659497175, 20.0, 0.536, 0.0, 0.46399999999999997], "r": -3.0, "s_": [370.01666659497175, 1000.0, 1000.0, 56.56252043591733, 2.0, 1.0, 2.0, 0.0]}
{"s": [370.01666, 1000.0, 1000.0, 56.56252, 2.0, 1.0, 2.0, 2.0], "a": [250.0, 22.179853550839955, 0.43, 0.0, 0.5700000000000001], "r": -5.0, "s_": [490.0333331899435, 1000.0, 500.0, 27.191333442538685, 2.0, 1.0, 4.0, 0.0]}
{"s": [120.01667, 1000.0, 1000.0, 54.382668, 3.0, 1.0, 2.0, 1.0], "a": [500.0, 27.191333442538685, 0.483, 0.0, 0.517], "r": -1.0, "s_": [750.0, 1000.0, 1000.0, 77.82014644916003, 1.0, 1.0, 1.0, 0.0]}
{"s": [750.0, 1000.0, 1000.0, 77.820145, 1.0, 1.0, 1.0, 4.0], "a": [500.0, 28.26298693361084, 0.395, 0.581, 0.02400000000000002], "r": -7.0, "s_": [125.0, 750.0, 1000.0, 13.041566691385441, 3.0, 2.0, 4.0, 0.0]}
{"s": [750.0, 500.0, 1000.0, 49.55716, 1.0, 1.0, 1.0, 4.0], "a": [250.0, 24.778579757774597, 0.06, 0.639, 0.30099999999999993], "r": -7.0, "s_": [125.0, 750.0, 1000.0, 13.041566691385441, 3.0, 2.0, 4.0, 0.0]}
{"s": [750.0, 250.0, 1000.0, 24.77858, 1.0, 3.0, 1.0, 4.0], "a": [375.0, 20.0, 0.472, 0.527, 0.0010000000000000009], "r": -7.0, "s_": [125.0, 750.0, 1000.0, 13.041566691385441, 3.0, 2.0, 4.0, 0.0]}
{"s": [375.0, 250.0, 1000.0, 33.041565, 2.0, 3.0, 3.0, 1.0], "a": [250.0, 20.0, 0.749, 0.0, 0.251], "r": -11.0, "s_": [125.0, 625.0, 1000.0, 17.820146449160035, 3.0, 2.0, 4.0, 2.0]}
{"s": [125.0, 750.0, 1000.0, 37.820145, 3.0, 2.0, 3.0, 3.0], "a": [375.0, 20.0, 0.067, 0.794, 0.139], "r": -7.0, "s_": [250.0, 687.5, 1000.0, 17.820146449160035, 3.0, 2.0, 4.0, 0.0]}
{"s": [125.0, 625.0, 1000.0, 37.820145, 3.0, 2.0, 3.0, 2.0], "a": [312.5, 20.0, 0.256, 0.468, 0.27599999999999997], "r": -7.0, "s_": [250.0, 687.5, 1000.0, 17.820146449160035, 3.0, 2.0, 4.0, 0.0]}
{"s": [500.0, 312.5, 1000.0, 37.820145, 2.0, 3.0, 3.0, 1.0], "a": [250.0, 20.0, 0.502, 0.497, 0.0010000000000000009], "r": -5.0, "s_": [250.0, 1000.0, 1000.0, 37.820146449160035, 3.0, 1.0, 3.0, 0.0]}
{"s": [500.0, 1000.0, 1000.0, 57.820145, 2.0, 1.0, 2.0, 1.0], "a": [500.0, 28.910073224580017, 0.027, 0.109, 0.864], "r": -3.0, "s_": [500.0, 1000.0, 1000.0, 57.820146449160035, 2.0, 1.0, 2.0, 0.0]}
{"s": [500.0, 1000.0, 1000.0, 57.820145, 2.0, 1.0, 2.0, 1.0], "a": [500.0, 28.910073224580017, 0.606, 0.0, 0.394], "r": -1.0, "s_": [750.0, 1000.0, 1000.0, 77.82014644916003, 1.0, 1.0, 1.0, 0.0]}
{"s": [750.0, 1000.0, 1000.0, 77.820145, 1.0, 1.0, 1.0, 1.0], "a": [500.0, 38.91007322458002, 0.368, 0.387, 0.245], "r": -1.0, "s_": [750.0, 1000.0, 1000.0, 77.82014644916003, 1.0, 1.0, 1.0, 0.0]}
{"s": [750.0, 1000.0, 1000.0, 77.820145, 1.0, 1.0, 1.0, 1.0], "a": [500.0, 38.91007322458002, 0.0, 0.616, 0.384], "r": -1.0, "s_": [750.0, 1000.0, 1000.0, 77.82014644916003, 1.0, 1.0, 1.0, 0.0]}
{"s": [750.0, 1000.0, 1000.0, 77.820145, 1.0, 1.0, 1.0, 1.0], "a": [500.0, 38.91007322458002, 0.0, 0.108, 0.892], "r": -1.0, "s_": [750.0, 1000.0, 1000.0, 77.82014644916003, 1.0, 1.0, 1.0, 0.0]}
{"s": [750.0, 1000.0, 1000.0, 77.820145, 1.0, 1.0, 1.0, 4.0], "a": [375.0, 38.91007322458002, 0.647, 0.352, 0.0010000000000000009], "r": -7.0, "s_": [125.0, 1000.0, 1000.0, 18.910073224580017, 3.0, 1.0, 3.0, 1.0]}
{"s": [375.0, 1000.0, 1000.0, 38.910072, 2.0, 1.0, 1.0, 4.0], "a": [500.0, 20.0, 0.166, 0.0, 0.834], "r": -7.0, "s_": [125.0, 1000.0, 1000.0, 18.910073224580017, 3.0, 1.0, 3.0, 1.0]}
{"s": [375.0, 1000.0, 500.0, 38.910072, 2.0, 1.0, 3.0, 2.0], "a": [250.0, 20.0, 0.473, 0.497, 0.030000000000000027], "r": -7.0, "s_": [500.0, 500.0, 500.0, 8.910073224580017, 2.0, 2.0, 5.0, 0.0]}
{"s": [125.0, 1000.0, 1000.0, 57.820145, 3.0, 1.0, 2.0, 2.0], "a": [500.0, 28.910073224580017, 0.53, 0.469, 0.0010000000000000009], "r": -5.0, "s_": [500.0, 500.0, 1000.0, 28.910073224580017, 2.0, 2.0, 3.0, 0.0]}
{"s": [500.0, 500.0, 1000.0, 28.910072, 2.0, 2.0, 3.0, 1.0], "a": [500.0, 20.0, 0.0, 0.522, 0.478], "r": -5.0,